,precision,recall,f1-score,support
negatif,1.0,0.4,0.5714285714285714,5.0
neutre,0.78,1.0,0.8764044943820225,39.0
positif,1.0,0.5,0.6666666666666666,16.0
accuracy,0.8166666666666667,0.8166666666666667,0.8166666666666667,0.8166666666666667
macro avg,0.9266666666666667,0.6333333333333333,0.7048332441590869,60.0
weighted avg,0.857,0.8166666666666667,0.79505974674514,60.0
